year,premises_type,fire_count,source_url,access_date,notes
2012,Residential,3184,https://data.gov.sg/datasets/d_808473a208220960f07a0b064ef16bde/view,2026-07-11,"SingStat/SCDF dataset 'Fire Occurrences, Annual' (data.gov.sg d_808473a208220960f07a0b064ef16bde), sourced from Singapore Civil Defence Force. CATEGORY BREAK: from 2019 onward, data EXCLUDE minor fires involving rubbish bins/rubbish chutes (per dataset's own methodology note); pre-2019 and 2019-onward figures are NOT directly comparable -- do not chain across 2018/2019 without treating as two segments."
2013,Residential,2952,https://data.gov.sg/datasets/d_808473a208220960f07a0b064ef16bde/view,2026-07-11,"SingStat/SCDF dataset 'Fire Occurrences, Annual' (data.gov.sg d_808473a208220960f07a0b064ef16bde), sourced from Singapore Civil Defence Force. CATEGORY BREAK: from 2019 onward, data EXCLUDE minor fires involving rubbish bins/rubbish chutes (per dataset's own methodology note); pre-2019 and 2019-onward figures are NOT directly comparable -- do not chain across 2018/2019 without treating as two segments."
2014,Residential,2888,https://data.gov.sg/datasets/d_808473a208220960f07a0b064ef16bde/view,2026-07-11,"SingStat/SCDF dataset 'Fire Occurrences, Annual' (data.gov.sg d_808473a208220960f07a0b064ef16bde), sourced from Singapore Civil Defence Force. CATEGORY BREAK: from 2019 onward, data EXCLUDE minor fires involving rubbish bins/rubbish chutes (per dataset's own methodology note); pre-2019 and 2019-onward figures are NOT directly comparable -- do not chain across 2018/2019 without treating as two segments."
2015,Residential,2898,https://data.gov.sg/datasets/d_808473a208220960f07a0b064ef16bde/view,2026-07-11,"SingStat/SCDF dataset 'Fire Occurrences, Annual' (data.gov.sg d_808473a208220960f07a0b064ef16bde), sourced from Singapore Civil Defence Force. CATEGORY BREAK: from 2019 onward, data EXCLUDE minor fires involving rubbish bins/rubbish chutes (per dataset's own methodology note); pre-2019 and 2019-onward figures are NOT directly comparable -- do not chain across 2018/2019 without treating as two segments."
2016,Residential,2818,https://data.gov.sg/datasets/d_808473a208220960f07a0b064ef16bde/view,2026-07-11,"SingStat/SCDF dataset 'Fire Occurrences, Annual' (data.gov.sg d_808473a208220960f07a0b064ef16bde), sourced from Singapore Civil Defence Force. CATEGORY BREAK: from 2019 onward, data EXCLUDE minor fires involving rubbish bins/rubbish chutes (per dataset's own methodology note); pre-2019 and 2019-onward figures are NOT directly comparable -- do not chain across 2018/2019 without treating as two segments."
2017,Residential,2657,https://data.gov.sg/datasets/d_808473a208220960f07a0b064ef16bde/view,2026-07-11,"SingStat/SCDF dataset 'Fire Occurrences, Annual' (data.gov.sg d_808473a208220960f07a0b064ef16bde), sourced from Singapore Civil Defence Force. CATEGORY BREAK: from 2019 onward, data EXCLUDE minor fires involving rubbish bins/rubbish chutes (per dataset's own methodology note); pre-2019 and 2019-onward figures are NOT directly comparable -- do not chain across 2018/2019 without treating as two segments."
2018,Residential,2411,https://data.gov.sg/datasets/d_808473a208220960f07a0b064ef16bde/view,2026-07-11,"SingStat/SCDF dataset 'Fire Occurrences, Annual' (data.gov.sg d_808473a208220960f07a0b064ef16bde), sourced from Singapore Civil Defence Force. CATEGORY BREAK: from 2019 onward, data EXCLUDE minor fires involving rubbish bins/rubbish chutes (per dataset's own methodology note); pre-2019 and 2019-onward figures are NOT directly comparable -- do not chain across 2018/2019 without treating as two segments."
2019,Residential,1168,https://data.gov.sg/datasets/d_808473a208220960f07a0b064ef16bde/view,2026-07-11,"SingStat/SCDF dataset 'Fire Occurrences, Annual' (data.gov.sg d_808473a208220960f07a0b064ef16bde), sourced from Singapore Civil Defence Force. Post-break segment (2019 onward): minor rubbish bin/chute fires EXCLUDED from these counts per dataset methodology note."
2020,Residential,1054,https://data.gov.sg/datasets/d_808473a208220960f07a0b064ef16bde/view,2026-07-11,"SingStat/SCDF dataset 'Fire Occurrences, Annual' (data.gov.sg d_808473a208220960f07a0b064ef16bde), sourced from Singapore Civil Defence Force. Post-break segment (2019 onward): minor rubbish bin/chute fires EXCLUDED from these counts per dataset methodology note."
2021,Residential,1010,https://data.gov.sg/datasets/d_808473a208220960f07a0b064ef16bde/view,2026-07-11,"SingStat/SCDF dataset 'Fire Occurrences, Annual' (data.gov.sg d_808473a208220960f07a0b064ef16bde), sourced from Singapore Civil Defence Force. Post-break segment (2019 onward): minor rubbish bin/chute fires EXCLUDED from these counts per dataset methodology note."
2022,Residential,935,https://data.gov.sg/datasets/d_808473a208220960f07a0b064ef16bde/view,2026-07-11,"SingStat/SCDF dataset 'Fire Occurrences, Annual' (data.gov.sg d_808473a208220960f07a0b064ef16bde), sourced from Singapore Civil Defence Force. Post-break segment (2019 onward): minor rubbish bin/chute fires EXCLUDED from these counts per dataset methodology note."
2023,Residential,970,https://data.gov.sg/datasets/d_808473a208220960f07a0b064ef16bde/view,2026-07-11,"SingStat/SCDF dataset 'Fire Occurrences, Annual' (data.gov.sg d_808473a208220960f07a0b064ef16bde), sourced from Singapore Civil Defence Force. Post-break segment (2019 onward): minor rubbish bin/chute fires EXCLUDED from these counts per dataset methodology note."
2024,Residential,968,https://data.gov.sg/datasets/d_808473a208220960f07a0b064ef16bde/view,2026-07-11,"SingStat/SCDF dataset 'Fire Occurrences, Annual' (data.gov.sg d_808473a208220960f07a0b064ef16bde), sourced from Singapore Civil Defence Force. Post-break segment (2019 onward): minor rubbish bin/chute fires EXCLUDED from these counts per dataset methodology note."
2025,Residential,1051,https://data.gov.sg/datasets/d_808473a208220960f07a0b064ef16bde/view,2026-07-11,"SingStat/SCDF dataset 'Fire Occurrences, Annual' (data.gov.sg d_808473a208220960f07a0b064ef16bde), sourced from Singapore Civil Defence Force. Post-break segment (2019 onward): minor rubbish bin/chute fires EXCLUDED from these counts per dataset methodology note."
2012,Non-Residential,582,https://data.gov.sg/datasets/d_808473a208220960f07a0b064ef16bde/view,2026-07-11,"SingStat/SCDF dataset 'Fire Occurrences, Annual' (data.gov.sg d_808473a208220960f07a0b064ef16bde), sourced from Singapore Civil Defence Force. CATEGORY BREAK: from 2019 onward, data EXCLUDE minor fires involving rubbish bins/rubbish chutes (per dataset's own methodology note); pre-2019 and 2019-onward figures are NOT directly comparable -- do not chain across 2018/2019 without treating as two segments."
2013,Non-Residential,533,https://data.gov.sg/datasets/d_808473a208220960f07a0b064ef16bde/view,2026-07-11,"SingStat/SCDF dataset 'Fire Occurrences, Annual' (data.gov.sg d_808473a208220960f07a0b064ef16bde), sourced from Singapore Civil Defence Force. CATEGORY BREAK: from 2019 onward, data EXCLUDE minor fires involving rubbish bins/rubbish chutes (per dataset's own methodology note); pre-2019 and 2019-onward figures are NOT directly comparable -- do not chain across 2018/2019 without treating as two segments."
2014,Non-Residential,565,https://data.gov.sg/datasets/d_808473a208220960f07a0b064ef16bde/view,2026-07-11,"SingStat/SCDF dataset 'Fire Occurrences, Annual' (data.gov.sg d_808473a208220960f07a0b064ef16bde), sourced from Singapore Civil Defence Force. CATEGORY BREAK: from 2019 onward, data EXCLUDE minor fires involving rubbish bins/rubbish chutes (per dataset's own methodology note); pre-2019 and 2019-onward figures are NOT directly comparable -- do not chain across 2018/2019 without treating as two segments."
2015,Non-Residential,505,https://data.gov.sg/datasets/d_808473a208220960f07a0b064ef16bde/view,2026-07-11,"SingStat/SCDF dataset 'Fire Occurrences, Annual' (data.gov.sg d_808473a208220960f07a0b064ef16bde), sourced from Singapore Civil Defence Force. CATEGORY BREAK: from 2019 onward, data EXCLUDE minor fires involving rubbish bins/rubbish chutes (per dataset's own methodology note); pre-2019 and 2019-onward figures are NOT directly comparable -- do not chain across 2018/2019 without treating as two segments."
2016,Non-Residential,506,https://data.gov.sg/datasets/d_808473a208220960f07a0b064ef16bde/view,2026-07-11,"SingStat/SCDF dataset 'Fire Occurrences, Annual' (data.gov.sg d_808473a208220960f07a0b064ef16bde), sourced from Singapore Civil Defence Force. CATEGORY BREAK: from 2019 onward, data EXCLUDE minor fires involving rubbish bins/rubbish chutes (per dataset's own methodology note); pre-2019 and 2019-onward figures are NOT directly comparable -- do not chain across 2018/2019 without treating as two segments."
2017,Non-Residential,467,https://data.gov.sg/datasets/d_808473a208220960f07a0b064ef16bde/view,2026-07-11,"SingStat/SCDF dataset 'Fire Occurrences, Annual' (data.gov.sg d_808473a208220960f07a0b064ef16bde), sourced from Singapore Civil Defence Force. CATEGORY BREAK: from 2019 onward, data EXCLUDE minor fires involving rubbish bins/rubbish chutes (per dataset's own methodology note); pre-2019 and 2019-onward figures are NOT directly comparable -- do not chain across 2018/2019 without treating as two segments."
2018,Non-Residential,515,https://data.gov.sg/datasets/d_808473a208220960f07a0b064ef16bde/view,2026-07-11,"SingStat/SCDF dataset 'Fire Occurrences, Annual' (data.gov.sg d_808473a208220960f07a0b064ef16bde), sourced from Singapore Civil Defence Force. CATEGORY BREAK: from 2019 onward, data EXCLUDE minor fires involving rubbish bins/rubbish chutes (per dataset's own methodology note); pre-2019 and 2019-onward figures are NOT directly comparable -- do not chain across 2018/2019 without treating as two segments."
2019,Non-Residential,496,https://data.gov.sg/datasets/d_808473a208220960f07a0b064ef16bde/view,2026-07-11,"SingStat/SCDF dataset 'Fire Occurrences, Annual' (data.gov.sg d_808473a208220960f07a0b064ef16bde), sourced from Singapore Civil Defence Force. Post-break segment (2019 onward): minor rubbish bin/chute fires EXCLUDED from these counts per dataset methodology note."
2020,Non-Residential,386,https://data.gov.sg/datasets/d_808473a208220960f07a0b064ef16bde/view,2026-07-11,"SingStat/SCDF dataset 'Fire Occurrences, Annual' (data.gov.sg d_808473a208220960f07a0b064ef16bde), sourced from Singapore Civil Defence Force. Post-break segment (2019 onward): minor rubbish bin/chute fires EXCLUDED from these counts per dataset methodology note."
2021,Non-Residential,415,https://data.gov.sg/datasets/d_808473a208220960f07a0b064ef16bde/view,2026-07-11,"SingStat/SCDF dataset 'Fire Occurrences, Annual' (data.gov.sg d_808473a208220960f07a0b064ef16bde), sourced from Singapore Civil Defence Force. Post-break segment (2019 onward): minor rubbish bin/chute fires EXCLUDED from these counts per dataset methodology note."
2022,Non-Residential,434,https://data.gov.sg/datasets/d_808473a208220960f07a0b064ef16bde/view,2026-07-11,"SingStat/SCDF dataset 'Fire Occurrences, Annual' (data.gov.sg d_808473a208220960f07a0b064ef16bde), sourced from Singapore Civil Defence Force. Post-break segment (2019 onward): minor rubbish bin/chute fires EXCLUDED from these counts per dataset methodology note."
2023,Non-Residential,404,https://data.gov.sg/datasets/d_808473a208220960f07a0b064ef16bde/view,2026-07-11,"SingStat/SCDF dataset 'Fire Occurrences, Annual' (data.gov.sg d_808473a208220960f07a0b064ef16bde), sourced from Singapore Civil Defence Force. Post-break segment (2019 onward): minor rubbish bin/chute fires EXCLUDED from these counts per dataset methodology note."
2024,Non-Residential,415,https://data.gov.sg/datasets/d_808473a208220960f07a0b064ef16bde/view,2026-07-11,"SingStat/SCDF dataset 'Fire Occurrences, Annual' (data.gov.sg d_808473a208220960f07a0b064ef16bde), sourced from Singapore Civil Defence Force. Post-break segment (2019 onward): minor rubbish bin/chute fires EXCLUDED from these counts per dataset methodology note."
2025,Non-Residential,471,https://data.gov.sg/datasets/d_808473a208220960f07a0b064ef16bde/view,2026-07-11,"SingStat/SCDF dataset 'Fire Occurrences, Annual' (data.gov.sg d_808473a208220960f07a0b064ef16bde), sourced from Singapore Civil Defence Force. Post-break segment (2019 onward): minor rubbish bin/chute fires EXCLUDED from these counts per dataset methodology note."
2012,Non-Building Structures,719,https://data.gov.sg/datasets/d_808473a208220960f07a0b064ef16bde/view,2026-07-11,"SingStat/SCDF dataset 'Fire Occurrences, Annual' (data.gov.sg d_808473a208220960f07a0b064ef16bde), sourced from Singapore Civil Defence Force. CATEGORY BREAK: from 2019 onward, data EXCLUDE minor fires involving rubbish bins/rubbish chutes (per dataset's own methodology note); pre-2019 and 2019-onward figures are NOT directly comparable -- do not chain across 2018/2019 without treating as two segments."
2013,Non-Building Structures,651,https://data.gov.sg/datasets/d_808473a208220960f07a0b064ef16bde/view,2026-07-11,"SingStat/SCDF dataset 'Fire Occurrences, Annual' (data.gov.sg d_808473a208220960f07a0b064ef16bde), sourced from Singapore Civil Defence Force. CATEGORY BREAK: from 2019 onward, data EXCLUDE minor fires involving rubbish bins/rubbish chutes (per dataset's own methodology note); pre-2019 and 2019-onward figures are NOT directly comparable -- do not chain across 2018/2019 without treating as two segments."
2014,Non-Building Structures,1271,https://data.gov.sg/datasets/d_808473a208220960f07a0b064ef16bde/view,2026-07-11,"SingStat/SCDF dataset 'Fire Occurrences, Annual' (data.gov.sg d_808473a208220960f07a0b064ef16bde), sourced from Singapore Civil Defence Force. CATEGORY BREAK: from 2019 onward, data EXCLUDE minor fires involving rubbish bins/rubbish chutes (per dataset's own methodology note); pre-2019 and 2019-onward figures are NOT directly comparable -- do not chain across 2018/2019 without treating as two segments."
2015,Non-Building Structures,1201,https://data.gov.sg/datasets/d_808473a208220960f07a0b064ef16bde/view,2026-07-11,"SingStat/SCDF dataset 'Fire Occurrences, Annual' (data.gov.sg d_808473a208220960f07a0b064ef16bde), sourced from Singapore Civil Defence Force. CATEGORY BREAK: from 2019 onward, data EXCLUDE minor fires involving rubbish bins/rubbish chutes (per dataset's own methodology note); pre-2019 and 2019-onward figures are NOT directly comparable -- do not chain across 2018/2019 without treating as two segments."
2016,Non-Building Structures,790,https://data.gov.sg/datasets/d_808473a208220960f07a0b064ef16bde/view,2026-07-11,"SingStat/SCDF dataset 'Fire Occurrences, Annual' (data.gov.sg d_808473a208220960f07a0b064ef16bde), sourced from Singapore Civil Defence Force. CATEGORY BREAK: from 2019 onward, data EXCLUDE minor fires involving rubbish bins/rubbish chutes (per dataset's own methodology note); pre-2019 and 2019-onward figures are NOT directly comparable -- do not chain across 2018/2019 without treating as two segments."
2017,Non-Building Structures,747,https://data.gov.sg/datasets/d_808473a208220960f07a0b064ef16bde/view,2026-07-11,"SingStat/SCDF dataset 'Fire Occurrences, Annual' (data.gov.sg d_808473a208220960f07a0b064ef16bde), sourced from Singapore Civil Defence Force. CATEGORY BREAK: from 2019 onward, data EXCLUDE minor fires involving rubbish bins/rubbish chutes (per dataset's own methodology note); pre-2019 and 2019-onward figures are NOT directly comparable -- do not chain across 2018/2019 without treating as two segments."
2018,Non-Building Structures,959,https://data.gov.sg/datasets/d_808473a208220960f07a0b064ef16bde/view,2026-07-11,"SingStat/SCDF dataset 'Fire Occurrences, Annual' (data.gov.sg d_808473a208220960f07a0b064ef16bde), sourced from Singapore Civil Defence Force. CATEGORY BREAK: from 2019 onward, data EXCLUDE minor fires involving rubbish bins/rubbish chutes (per dataset's own methodology note); pre-2019 and 2019-onward figures are NOT directly comparable -- do not chain across 2018/2019 without treating as two segments."
2019,Non-Building Structures,1198,https://data.gov.sg/datasets/d_808473a208220960f07a0b064ef16bde/view,2026-07-11,"SingStat/SCDF dataset 'Fire Occurrences, Annual' (data.gov.sg d_808473a208220960f07a0b064ef16bde), sourced from Singapore Civil Defence Force. Post-break segment (2019 onward): minor rubbish bin/chute fires EXCLUDED from these counts per dataset methodology note."
2020,Non-Building Structures,437,https://data.gov.sg/datasets/d_808473a208220960f07a0b064ef16bde/view,2026-07-11,"SingStat/SCDF dataset 'Fire Occurrences, Annual' (data.gov.sg d_808473a208220960f07a0b064ef16bde), sourced from Singapore Civil Defence Force. Post-break segment (2019 onward): minor rubbish bin/chute fires EXCLUDED from these counts per dataset methodology note."
2021,Non-Building Structures,419,https://data.gov.sg/datasets/d_808473a208220960f07a0b064ef16bde/view,2026-07-11,"SingStat/SCDF dataset 'Fire Occurrences, Annual' (data.gov.sg d_808473a208220960f07a0b064ef16bde), sourced from Singapore Civil Defence Force. Post-break segment (2019 onward): minor rubbish bin/chute fires EXCLUDED from these counts per dataset methodology note."
2022,Non-Building Structures,430,https://data.gov.sg/datasets/d_808473a208220960f07a0b064ef16bde/view,2026-07-11,"SingStat/SCDF dataset 'Fire Occurrences, Annual' (data.gov.sg d_808473a208220960f07a0b064ef16bde), sourced from Singapore Civil Defence Force. Post-break segment (2019 onward): minor rubbish bin/chute fires EXCLUDED from these counts per dataset methodology note."
2023,Non-Building Structures,580,https://data.gov.sg/datasets/d_808473a208220960f07a0b064ef16bde/view,2026-07-11,"SingStat/SCDF dataset 'Fire Occurrences, Annual' (data.gov.sg d_808473a208220960f07a0b064ef16bde), sourced from Singapore Civil Defence Force. Post-break segment (2019 onward): minor rubbish bin/chute fires EXCLUDED from these counts per dataset methodology note."
2024,Non-Building Structures,607,https://data.gov.sg/datasets/d_808473a208220960f07a0b064ef16bde/view,2026-07-11,"SingStat/SCDF dataset 'Fire Occurrences, Annual' (data.gov.sg d_808473a208220960f07a0b064ef16bde), sourced from Singapore Civil Defence Force. Post-break segment (2019 onward): minor rubbish bin/chute fires EXCLUDED from these counts per dataset methodology note."
2025,Non-Building Structures,528,https://data.gov.sg/datasets/d_808473a208220960f07a0b064ef16bde/view,2026-07-11,"SingStat/SCDF dataset 'Fire Occurrences, Annual' (data.gov.sg d_808473a208220960f07a0b064ef16bde), sourced from Singapore Civil Defence Force. Post-break segment (2019 onward): minor rubbish bin/chute fires EXCLUDED from these counts per dataset methodology note."
2012,All Buildings (Residential + Non-Residential subtotal),3766,https://data.gov.sg/datasets/d_808473a208220960f07a0b064ef16bde/view,2026-07-11,"SingStat/SCDF dataset 'Fire Occurrences, Annual' (data.gov.sg d_808473a208220960f07a0b064ef16bde), sourced from Singapore Civil Defence Force. CATEGORY BREAK: from 2019 onward, data EXCLUDE minor fires involving rubbish bins/rubbish chutes (per dataset's own methodology note); pre-2019 and 2019-onward figures are NOT directly comparable -- do not chain across 2018/2019 without treating as two segments."
2013,All Buildings (Residential + Non-Residential subtotal),3485,https://data.gov.sg/datasets/d_808473a208220960f07a0b064ef16bde/view,2026-07-11,"SingStat/SCDF dataset 'Fire Occurrences, Annual' (data.gov.sg d_808473a208220960f07a0b064ef16bde), sourced from Singapore Civil Defence Force. CATEGORY BREAK: from 2019 onward, data EXCLUDE minor fires involving rubbish bins/rubbish chutes (per dataset's own methodology note); pre-2019 and 2019-onward figures are NOT directly comparable -- do not chain across 2018/2019 without treating as two segments."
2014,All Buildings (Residential + Non-Residential subtotal),3453,https://data.gov.sg/datasets/d_808473a208220960f07a0b064ef16bde/view,2026-07-11,"SingStat/SCDF dataset 'Fire Occurrences, Annual' (data.gov.sg d_808473a208220960f07a0b064ef16bde), sourced from Singapore Civil Defence Force. CATEGORY BREAK: from 2019 onward, data EXCLUDE minor fires involving rubbish bins/rubbish chutes (per dataset's own methodology note); pre-2019 and 2019-onward figures are NOT directly comparable -- do not chain across 2018/2019 without treating as two segments."
2015,All Buildings (Residential + Non-Residential subtotal),3403,https://data.gov.sg/datasets/d_808473a208220960f07a0b064ef16bde/view,2026-07-11,"SingStat/SCDF dataset 'Fire Occurrences, Annual' (data.gov.sg d_808473a208220960f07a0b064ef16bde), sourced from Singapore Civil Defence Force. CATEGORY BREAK: from 2019 onward, data EXCLUDE minor fires involving rubbish bins/rubbish chutes (per dataset's own methodology note); pre-2019 and 2019-onward figures are NOT directly comparable -- do not chain across 2018/2019 without treating as two segments."
2016,All Buildings (Residential + Non-Residential subtotal),3324,https://data.gov.sg/datasets/d_808473a208220960f07a0b064ef16bde/view,2026-07-11,"SingStat/SCDF dataset 'Fire Occurrences, Annual' (data.gov.sg d_808473a208220960f07a0b064ef16bde), sourced from Singapore Civil Defence Force. CATEGORY BREAK: from 2019 onward, data EXCLUDE minor fires involving rubbish bins/rubbish chutes (per dataset's own methodology note); pre-2019 and 2019-onward figures are NOT directly comparable -- do not chain across 2018/2019 without treating as two segments."
2017,All Buildings (Residential + Non-Residential subtotal),3124,https://data.gov.sg/datasets/d_808473a208220960f07a0b064ef16bde/view,2026-07-11,"SingStat/SCDF dataset 'Fire Occurrences, Annual' (data.gov.sg d_808473a208220960f07a0b064ef16bde), sourced from Singapore Civil Defence Force. CATEGORY BREAK: from 2019 onward, data EXCLUDE minor fires involving rubbish bins/rubbish chutes (per dataset's own methodology note); pre-2019 and 2019-onward figures are NOT directly comparable -- do not chain across 2018/2019 without treating as two segments."
2018,All Buildings (Residential + Non-Residential subtotal),2926,https://data.gov.sg/datasets/d_808473a208220960f07a0b064ef16bde/view,2026-07-11,"SingStat/SCDF dataset 'Fire Occurrences, Annual' (data.gov.sg d_808473a208220960f07a0b064ef16bde), sourced from Singapore Civil Defence Force. CATEGORY BREAK: from 2019 onward, data EXCLUDE minor fires involving rubbish bins/rubbish chutes (per dataset's own methodology note); pre-2019 and 2019-onward figures are NOT directly comparable -- do not chain across 2018/2019 without treating as two segments."
2019,All Buildings (Residential + Non-Residential subtotal),1664,https://data.gov.sg/datasets/d_808473a208220960f07a0b064ef16bde/view,2026-07-11,"SingStat/SCDF dataset 'Fire Occurrences, Annual' (data.gov.sg d_808473a208220960f07a0b064ef16bde), sourced from Singapore Civil Defence Force. Post-break segment (2019 onward): minor rubbish bin/chute fires EXCLUDED from these counts per dataset methodology note."
2020,All Buildings (Residential + Non-Residential subtotal),1440,https://data.gov.sg/datasets/d_808473a208220960f07a0b064ef16bde/view,2026-07-11,"SingStat/SCDF dataset 'Fire Occurrences, Annual' (data.gov.sg d_808473a208220960f07a0b064ef16bde), sourced from Singapore Civil Defence Force. Post-break segment (2019 onward): minor rubbish bin/chute fires EXCLUDED from these counts per dataset methodology note."
2021,All Buildings (Residential + Non-Residential subtotal),1425,https://data.gov.sg/datasets/d_808473a208220960f07a0b064ef16bde/view,2026-07-11,"SingStat/SCDF dataset 'Fire Occurrences, Annual' (data.gov.sg d_808473a208220960f07a0b064ef16bde), sourced from Singapore Civil Defence Force. Post-break segment (2019 onward): minor rubbish bin/chute fires EXCLUDED from these counts per dataset methodology note."
2022,All Buildings (Residential + Non-Residential subtotal),1369,https://data.gov.sg/datasets/d_808473a208220960f07a0b064ef16bde/view,2026-07-11,"SingStat/SCDF dataset 'Fire Occurrences, Annual' (data.gov.sg d_808473a208220960f07a0b064ef16bde), sourced from Singapore Civil Defence Force. Post-break segment (2019 onward): minor rubbish bin/chute fires EXCLUDED from these counts per dataset methodology note."
2023,All Buildings (Residential + Non-Residential subtotal),1374,https://data.gov.sg/datasets/d_808473a208220960f07a0b064ef16bde/view,2026-07-11,"SingStat/SCDF dataset 'Fire Occurrences, Annual' (data.gov.sg d_808473a208220960f07a0b064ef16bde), sourced from Singapore Civil Defence Force. Post-break segment (2019 onward): minor rubbish bin/chute fires EXCLUDED from these counts per dataset methodology note."
2024,All Buildings (Residential + Non-Residential subtotal),1383,https://data.gov.sg/datasets/d_808473a208220960f07a0b064ef16bde/view,2026-07-11,"SingStat/SCDF dataset 'Fire Occurrences, Annual' (data.gov.sg d_808473a208220960f07a0b064ef16bde), sourced from Singapore Civil Defence Force. Post-break segment (2019 onward): minor rubbish bin/chute fires EXCLUDED from these counts per dataset methodology note."
2025,All Buildings (Residential + Non-Residential subtotal),1522,https://data.gov.sg/datasets/d_808473a208220960f07a0b064ef16bde/view,2026-07-11,"SingStat/SCDF dataset 'Fire Occurrences, Annual' (data.gov.sg d_808473a208220960f07a0b064ef16bde), sourced from Singapore Civil Defence Force. Post-break segment (2019 onward): minor rubbish bin/chute fires EXCLUDED from these counts per dataset methodology note."
2012,Total (All Premises),4485,https://data.gov.sg/datasets/d_808473a208220960f07a0b064ef16bde/view,2026-07-11,"SingStat/SCDF dataset 'Fire Occurrences, Annual' (data.gov.sg d_808473a208220960f07a0b064ef16bde), sourced from Singapore Civil Defence Force. CATEGORY BREAK: from 2019 onward, data EXCLUDE minor fires involving rubbish bins/rubbish chutes (per dataset's own methodology note); pre-2019 and 2019-onward figures are NOT directly comparable -- do not chain across 2018/2019 without treating as two segments."
2013,Total (All Premises),4136,https://data.gov.sg/datasets/d_808473a208220960f07a0b064ef16bde/view,2026-07-11,"SingStat/SCDF dataset 'Fire Occurrences, Annual' (data.gov.sg d_808473a208220960f07a0b064ef16bde), sourced from Singapore Civil Defence Force. CATEGORY BREAK: from 2019 onward, data EXCLUDE minor fires involving rubbish bins/rubbish chutes (per dataset's own methodology note); pre-2019 and 2019-onward figures are NOT directly comparable -- do not chain across 2018/2019 without treating as two segments."
2014,Total (All Premises),4724,https://data.gov.sg/datasets/d_808473a208220960f07a0b064ef16bde/view,2026-07-11,"SingStat/SCDF dataset 'Fire Occurrences, Annual' (data.gov.sg d_808473a208220960f07a0b064ef16bde), sourced from Singapore Civil Defence Force. CATEGORY BREAK: from 2019 onward, data EXCLUDE minor fires involving rubbish bins/rubbish chutes (per dataset's own methodology note); pre-2019 and 2019-onward figures are NOT directly comparable -- do not chain across 2018/2019 without treating as two segments."
2015,Total (All Premises),4604,https://data.gov.sg/datasets/d_808473a208220960f07a0b064ef16bde/view,2026-07-11,"SingStat/SCDF dataset 'Fire Occurrences, Annual' (data.gov.sg d_808473a208220960f07a0b064ef16bde), sourced from Singapore Civil Defence Force. CATEGORY BREAK: from 2019 onward, data EXCLUDE minor fires involving rubbish bins/rubbish chutes (per dataset's own methodology note); pre-2019 and 2019-onward figures are NOT directly comparable -- do not chain across 2018/2019 without treating as two segments."
2016,Total (All Premises),4114,https://data.gov.sg/datasets/d_808473a208220960f07a0b064ef16bde/view,2026-07-11,"SingStat/SCDF dataset 'Fire Occurrences, Annual' (data.gov.sg d_808473a208220960f07a0b064ef16bde), sourced from Singapore Civil Defence Force. CATEGORY BREAK: from 2019 onward, data EXCLUDE minor fires involving rubbish bins/rubbish chutes (per dataset's own methodology note); pre-2019 and 2019-onward figures are NOT directly comparable -- do not chain across 2018/2019 without treating as two segments."
2017,Total (All Premises),3871,https://data.gov.sg/datasets/d_808473a208220960f07a0b064ef16bde/view,2026-07-11,"SingStat/SCDF dataset 'Fire Occurrences, Annual' (data.gov.sg d_808473a208220960f07a0b064ef16bde), sourced from Singapore Civil Defence Force. CATEGORY BREAK: from 2019 onward, data EXCLUDE minor fires involving rubbish bins/rubbish chutes (per dataset's own methodology note); pre-2019 and 2019-onward figures are NOT directly comparable -- do not chain across 2018/2019 without treating as two segments."
2018,Total (All Premises),3885,https://data.gov.sg/datasets/d_808473a208220960f07a0b064ef16bde/view,2026-07-11,"SingStat/SCDF dataset 'Fire Occurrences, Annual' (data.gov.sg d_808473a208220960f07a0b064ef16bde), sourced from Singapore Civil Defence Force. CATEGORY BREAK: from 2019 onward, data EXCLUDE minor fires involving rubbish bins/rubbish chutes (per dataset's own methodology note); pre-2019 and 2019-onward figures are NOT directly comparable -- do not chain across 2018/2019 without treating as two segments."
2019,Total (All Premises),2862,https://data.gov.sg/datasets/d_808473a208220960f07a0b064ef16bde/view,2026-07-11,"SingStat/SCDF dataset 'Fire Occurrences, Annual' (data.gov.sg d_808473a208220960f07a0b064ef16bde), sourced from Singapore Civil Defence Force. Post-break segment (2019 onward): minor rubbish bin/chute fires EXCLUDED from these counts per dataset methodology note."
2020,Total (All Premises),1877,https://data.gov.sg/datasets/d_808473a208220960f07a0b064ef16bde/view,2026-07-11,"SingStat/SCDF dataset 'Fire Occurrences, Annual' (data.gov.sg d_808473a208220960f07a0b064ef16bde), sourced from Singapore Civil Defence Force. Post-break segment (2019 onward): minor rubbish bin/chute fires EXCLUDED from these counts per dataset methodology note."
2021,Total (All Premises),1844,https://data.gov.sg/datasets/d_808473a208220960f07a0b064ef16bde/view,2026-07-11,"SingStat/SCDF dataset 'Fire Occurrences, Annual' (data.gov.sg d_808473a208220960f07a0b064ef16bde), sourced from Singapore Civil Defence Force. Post-break segment (2019 onward): minor rubbish bin/chute fires EXCLUDED from these counts per dataset methodology note."
2022,Total (All Premises),1799,https://data.gov.sg/datasets/d_808473a208220960f07a0b064ef16bde/view,2026-07-11,"SingStat/SCDF dataset 'Fire Occurrences, Annual' (data.gov.sg d_808473a208220960f07a0b064ef16bde), sourced from Singapore Civil Defence Force. Post-break segment (2019 onward): minor rubbish bin/chute fires EXCLUDED from these counts per dataset methodology note."
2023,Total (All Premises),1954,https://data.gov.sg/datasets/d_808473a208220960f07a0b064ef16bde/view,2026-07-11,"SingStat/SCDF dataset 'Fire Occurrences, Annual' (data.gov.sg d_808473a208220960f07a0b064ef16bde), sourced from Singapore Civil Defence Force. Post-break segment (2019 onward): minor rubbish bin/chute fires EXCLUDED from these counts per dataset methodology note."
2024,Total (All Premises),1990,https://data.gov.sg/datasets/d_808473a208220960f07a0b064ef16bde/view,2026-07-11,"SingStat/SCDF dataset 'Fire Occurrences, Annual' (data.gov.sg d_808473a208220960f07a0b064ef16bde), sourced from Singapore Civil Defence Force. Post-break segment (2019 onward): minor rubbish bin/chute fires EXCLUDED from these counts per dataset methodology note."
2025,Total (All Premises),2050,https://data.gov.sg/datasets/d_808473a208220960f07a0b064ef16bde/view,2026-07-11,"SingStat/SCDF dataset 'Fire Occurrences, Annual' (data.gov.sg d_808473a208220960f07a0b064ef16bde), sourced from Singapore Civil Defence Force. Post-break segment (2019 onward): minor rubbish bin/chute fires EXCLUDED from these counts per dataset methodology note."
